{
    "loss": 0.4656389057636261,
    "accuracy": 0.9396551847457886
}